,avg_roe,np_per_share,operate_cash_flow_ps,basic_eps,capital_reserve,undistri_profit_ps,net_interest_of_total_assets,net_selling_rate,gross_selling_rate,total_revenue,operating_income_yoy,net_profit_atsopc,net_profit_atsopc_yoy,net_profit_after_nrgal_atsolc,np_atsopc_nrgal_yoy,ore_dlt,rop,asset_liab_ratio,current_ratio,quick_ratio,equity_multiplier,equity_ratio,holder_equity,ncf_from_oa_to_total_liab,inventory_turnover_days,receivable_turnover_days,accounts_payable_turnover_days,cash_cycle,operating_cycle,total_capital_turnover,inventory_turnover,account_receivable_turnover,accounts_payable_turnover,current_asset_turnover_rate,fixed_asset_turnover_ratio
2019-4,,,,,,,,,,,,,,,,,,,,,,,,,,,,,,,,,,,
2020-4,-0.13942234991683047,-0.5337768556160053,1.068446728484713,,-0.34199698655540106,0.11452452620564041,0.12341347110055828,0.8495878698080405,0.13669167879941752,8.765161065430336,,-0.46879855952805594,,-0.4556905320298295,,-0.620202764253865,,4.849326397225557,-0.8913485046570202,-0.9300803023899331,1.5935031507943551,14.170481452249406,-0.6144263107786083,1.0096743070223475,-0.5759041354946381,-0.936762979123723,-0.3047649990131134,-0.6874518997981749,-0.6560569066492975,4.841836734693878,1.3579572446555823,14.813551275094955,0.43836268443598286,4.770334928229666,3.0827639551372954
2021-3,,,,,,,,,,,,,,,,,,,,,,,,,,,,,,,,,,,
2021-4,0.995222295952223,-0.4023053934822826,-1.0,,-0.815589511745221,0.9892620583000205,0.9963585026162758,0.9994162419452614,0.34391774192277064,18.619313939022128,1.1242409580383061,0.9885460354049868,3.108677706223776,0.7879647731798269,2.729165157968887,0.9977563848203561,0.9842905511675923,-0.24208481177769062,0.2738273283480624,0.3672445255474453,-0.31754560076657196,-0.4827532386452318,0.46532286814683205,-1.013477088948787,-0.609695701581123,1.2955040024869822,-0.568112909322611,-0.5246900975808967,-0.5318908814013257,5.235807860262008,1.5621033544877605,-0.5643670519611418,1.3154237347173363,5.533996683250415,4.895926744553205
2022-2,,,,,,,,,,,,,,,,,,,,,,,,,,,,,,,,,,,
2022-3,1.3490813648293964,,,1.288888888888889,,,,1.6151669770028776,0.4828510433257933,1.1114120435277839,,2.2989043502254405,,0.8166881905581862,,,,,,,,,,,,,,,,,,,,,
