,avg_roe,np_per_share,operate_cash_flow_ps,basic_eps,capital_reserve,undistri_profit_ps,net_interest_of_total_assets,net_selling_rate,gross_selling_rate,total_revenue,operating_income_yoy,net_profit_atsopc,net_profit_atsopc_yoy,net_profit_after_nrgal_atsolc,np_atsopc_nrgal_yoy,ore_dlt,rop,asset_liab_ratio,current_ratio,quick_ratio,equity_multiplier,equity_ratio,holder_equity,ncf_from_oa_to_total_liab,inventory_turnover_days,receivable_turnover_days,accounts_payable_turnover_days,cash_cycle,operating_cycle,total_capital_turnover,inventory_turnover,account_receivable_turnover,accounts_payable_turnover,current_asset_turnover_rate,fixed_asset_turnover_ratio
2019-4,,,,,,,,,,,,,,,,,,,,,,,,,,,,,,,,,,,
2020-4,1.4588235294117646,0.018123782731010528,-0.17720797720797715,,0.013933547695605626,3.690909090909091,1.1304506078474195,1.1424599348071725,0.3115720780419065,-0.010559160211573545,,1.4654098726963223,,0.7152536655591898,,1.457133830904711,,0.591695318137442,-0.2521846588401448,-0.23819876620376662,0.15938970946274966,0.8150431565967942,-0.13741731646967195,-0.5545873910814967,0.35782220445624674,-0.025104694313083955,0.5243191187378494,-0.3184367956192278,0.14864638116103918,-0.08430769230769242,-0.263526516705051,0.025751072961373425,-0.34396917148362244,-0.06672273619287929,-0.5091320636902903
2021-2,,,,,,,,,,,,,,,,,,,,,,,,,,,,,,,,,,,
2021-3,,,,,,,,,,,,,,,,,,,,,,,,,,,,,,,,,,,
2021-4,6.256410256410257,4.2818959562144645,1.9778393351800552,,8.814188395583745,21.27519379844961,14.484375,10.615962792242847,0.3450912300224478,0.9744862302743335,93.28961075859455,8.410842982069926,4.739583461283873,12.646408021661872,16.68100283256018,3.694108500345543,40.061621426476236,-0.2937031234374479,1.4168437204910296,1.6038099315068497,-0.11185776284474322,-0.38088768115942034,0.12586677333180954,-0.08285385500575387,0.10071704994060238,-0.49472388348582286,-0.1979271391834723,-0.11254894947651348,-0.1753445049632366,0.33333333333333337,-0.09150102810143934,0.9791165253452808,0.24676926691729334,0.021027335536197077,0.21307044045158213
2022-2,,,,,,,,0.2765929845207262,,0.3318853058493021,,0.6371723311330163,,2.1487750405982053,,,,,,,,,,,,,,,,,,,,,
2022-3,-0.3472222222222222,,,-0.23214285714285723,,,,0.047609214947973544,0.10281490616130166,0.23243223618711267,,0.29459338876454905,,0.82381176974307,,,,,,,,,,,,,,,,,,,,,
